[{
  "_id": {
    "$oid": "67312a32b84f40eb35506efa"
  },
  "nombre": "Fernando Javier",
  "apellido": "Cubides",
  "fecha_nacimiento": "1987-07-25",
  "nacionalidad": "Argentina",
  "estatus": "Activo",
  "partidos_asignados": [
    {
      "_idpartido": "Objectid()",
      "rol": "Línea 1"
    }
  ]
},
{
  "_id": {
    "$oid": "67323b849b06774af35aef56"
  },
  "nombre": "Wilmar",
  "apellido": "Roldan",
  "fecha_nacimiento": "1994-08-21",
  "nacionalidad": "Colombiano",
  "estatus": "Activo",
  "partidos_asignados": [
    {
      "_idpartido": "River Plate VS Flamengo",
      "rol": "Línea linea Central"
    }
  ]
},
{
  "_id": {
    "$oid": "67323b9b9b06774af35aef58"
  },
  "nombre": "Jesús ",
  "apellido": "Gil Manzano",
  "fecha_nacimiento": "1985-08-21",
  "nacionalidad": "espanol",
  "estatus": "Activo",
  "partidos_asignados": [
    {
      "_idpartido": "Barcelona VS PSG",
      "rol": "Línea linea 2"
    }
  ]
}]