[{
  "_id": {
    "$oid": "67311a74b84f40eb35506ef6"
  },
  "nombres": "Juan Gabriel",
  "apellidos": "Francois",
  "fecha_nacimiento": "03/10/1979",
  "nacionalidad": "Francés",
  "_idequipo": "PSG",
  "experiencia": "15 años",
  "estatus": "activo"
},
{
  "_id": {
    "$oid": "67323e9c9b06774af35aef5e"
  },
  "nombres": "Hernan Dario",
  "apellidos": "Maturana",
  "fecha_nacimiento": "03/10/1977",
  "nacionalidad": "Colombiano",
  "_idequipo": "Atletico Buenaventura",
  "experiencia": "20 años",
  "estatus": "activo"
},
{
  "_id": {
    "$oid": "67323eaf9b06774af35aef60"
  },
  "nombres": "Francesco",
  "apellidos": "Totti",
  "fecha_nacimiento": "16/1/1985",
  "nacionalidad": "Italiano",
  "_idequipo": "Juventus",
  "experiencia": "9 años",
  "estatus": "activo"
},
{
  "_id": {
    "$oid": "67323ebc9b06774af35aef62"
  },
  "nombres": "Xavi",
  "apellidos": "Hernandez",
  "fecha_nacimiento": "03/1/1999",
  "nacionalidad": "espanol",
  "_idequipo": "Barcelona",
  "experiencia": "10 años",
  "estatus": "activo"
},
{
  "_id": {
    "$oid": "67323f159b06774af35aef66"
  },
  "nombres": "Marcelo",
  "apellidos": "Gallardo",
  "fecha_nacimiento": "09/8/1989",
  "nacionalidad": "Argentino",
  "_idequipo": "River Plate",
  "experiencia": "18 años",
  "estatus": "activo"
},
{
  "_id": {
    "$oid": "67323f299b06774af35aef68"
  },
  "nombres": "Carlos",
  "apellidos": "Bianchi",
  "fecha_nacimiento": "09/8/1977",
  "nacionalidad": "Argentino",
  "_idequipo": "Boca Juniors",
  "experiencia": "25 años",
  "estatus": "activo"
},
{
  "_id": {
    "$oid": "67323f3a9b06774af35aef6a"
  },
  "nombres": "Giovanni",
  "apellidos": "Hernandez",
  "fecha_nacimiento": "03/10/1983",
  "nacionalidad": "Colombiano",
  "_idequipo": "Deportes Barrancas",
  "experiencia": "17 años",
  "estatus": "activo"
},
{
  "_id": {
    "$oid": "67323f479b06774af35aef6c"
  },
  "nombres": "Ronaldo",
  "apellidos": "De Lima",
  "fecha_nacimiento": "03/10/1993",
  "nacionalidad": "brasileno",
  "_idequipo": "Flamengo",
  "experiencia": "8 años",
  "estatus": "activo"
}]