[{
  "_id": {
    "$oid": "67324bb89b06774af35aef96"
  },
  "nombre": "PSG",
  "_identrenador": "Juan Gabriel Francois",
  "jugadores": [
    {
      "nombre": "Gian Luca Donarumma"
    },
    {
      "nombre": "Juan Cuadrado"
    },
    {
      "nombre": "Junior Dasilva"
    },
    {
      "nombre": "Eder Militao"
    },
    {
      "nombre": "Julian Yamal"
    },
    {
      "nombre": " Carlos Balverde"
    },
    {
      "nombre": " Julio Cavani"
    },
    {
      "nombre": " Marcelo Vidal"
    },
    {
      "nombre": " Kylian Mbappe"
    },
    {
      "nombre": " Xavier Barcola"
    },
    {
      "nombre": " Randal Kuolo Mouani"
    },
    {
      "nombre": " Paulo Dybala"
    },
    {
      "nombre": " Menphis Depay"
    },
    {
      "nombre": " Frenkie Dejong"
    },
    {
      "nombre": " Olivier Giroud"
    }
  ],
  "grupo": "B",
  "estatus": "Activo"
},
{
  "_id": {
    "$oid": "67324da89b06774af35aef9e"
  },
  "nombre": "Barcelona",
  "_identrenador": "Xavi Hernandez",
  "jugadores": [
    "David Raya",
    "Mikel Merino",
    "Javier Mosquera",
    "Roberto Cucurella",
    "Andres Carvajal",
    "Gilberto Garcia",
    "Fabian Ruiz",
    "Carlos Peña",
    "Unai Simon",
    "Ivan Joselu",
    "Mikel Oryazabal",
    "Lamin Yamal",
    "Héctor Pérez",
    "Ansu Fati",
    "Ruben  Laporte"
  ],
  "grupo": "B",
  "estatus": "Activo"
},
{
  "_id": {
    "$oid": "67324f2c9b06774af35aefa3"
  },
  "nombre": "Flamengo",
  "_identrenador": "Ronaldo De Lima",
  "jugadores": [
    "Ederson Moraes",
    "Danilo Da Silva",
    "Andreas Pereira",
    "Roberto Barbosa",
    "Gabriel Martinelli",
    "Yan Couto",
    "Guillermhe Arana",
    "Javier Echeverry",
    "Andres Garcia Cuero",
    "Bruno Guimaraes",
    "Andre Dacosta",
    "Weberton Da Gracca",
    "Hector Rodriguez",
    "Luis Viera",
    "Maximiliano Araujo"
  ],
  "grupo": "B",
  "estatus": "Activo"
},
{
  "_id": {
    "$oid": "673250389b06774af35aefa5"
  },
  "nombre": "River Plate",
  "_identrenador": "Marcelo Gallardo",
  "jugadores": [
    "Emiliano Martinez",
    "Nico Paz",
    "Gian Luca Viali",
    "Nicolas Gonzalez",
    "Lisandro Martinez",
    "Enzo Fernandez",
    "Juan Fernando Quintero",
    "Javier Mascherano",
    "Rodrygo De Paul",
    "Facundo Pellistri",
    "Manuel Ugarte",
    "Federico Ribeiro",
    "Darwin Nuñez",
    "Oscar Cordoba",
    "Jhon Cardona"
  ],
  "grupo": "B",
  "estatus": "Activo"
},
{
  "_id": {
    "$oid": "6732513e9b06774af35aefa7"
  },
  "nombre": "Boca Juniors",
  "_identrenador": "Carlos Bianchi",
  "jugadores": [
    "Carlos Perea",
    "Javier  Fernandez",
    "Roberto Figueroa",
    "Andres Cortázar",
    "Carlos Gonzalez",
    "Julio Luna",
    "Marcelo Salas",
    "Andres Roberto Merchan",
    "Gilberto Romero",
    "Sebastian Vignolo",
    "Pablo Castro",
    "Hector Pérez",
    "Julian Vazquez",
    "Elmer Figueroa"
  ],
  "grupo": "A",
  "estatus": "Activo"
},
{
  "_id": {
    "$oid": "673252b39b06774af35aefad"
  },
  "nombre": "Atletico Buenaventura",
  "_identrenador": "Hernan Dario Maturana",
  "jugadores": [
    "Julio Molina",
    "Ruben Aguirre",
    "Javier  Mosquera",
    "Roberto Asprilla",
    "Andres Colorado",
    "Gilberto Garcia",
    "Victor Pacheco",
    "Carlos Valderrama",
    "Alexis Garcia",
    "Ivan Romero",
    "Radamel Rodriguez",
    "Pablo Lucumi",
    "Hector Pérez",
    "Julian Angulo",
    "Alberto Plazas"
  ],
  "grupo": "A",
  "estatus": "Activo"
},
{
  "_id": {
    "$oid": "673253989b06774af35aefaf"
  },
  "nombre": "Deportes Barrancas",
  "_identrenador": "Giovanni Hernandez",
  "jugadores": [
    "Ivan Pérez",
    "Julio Correal",
    "Gildardo Lampe",
    "Roberto Perez Galindo",
    "Andres Colorado",
    "Carlos Garcia",
    "Victor Luna",
    "Javier Echeverry",
    "Andres Garcia Cuero",
    "Ivan Romero Jimenez",
    "Joselito Vaca",
    "Pablo Rodriguez",
    "Hector Pérez",
    "Julian Perea",
    "Alberto Mondonedo"
  ],
  "grupo": "A",
  "estatus": "Activo"
},
{
  "_id": {
    "$oid": "6732546f9b06774af35aefb1"
  },
  "nombre": "Juventus",
  "_identrenador": "Francesco Totti",
  "jugadores": [
    "Luca De Palma",
    "Vito Corleone",
    "Gian Luca Viali",
    "Roberto Stilachi",
    "Roberto Baggio",
    "Engolo Toure",
    "Zinedine Zidane",
    "Javier Camavinga",
    "Adrien Radiot",
    "Nico Wlliams",
    "Alvaro Morata",
    "Dani Olmo",
    "Dani Carvajal",
    "Julian Pérez",
    "Edilberto Gomez"
  ],
  "grupo": "A",
  "estatus": "Activo"
}]