[{
  "_id": {
    "$oid": "6732676c9b06774af35aefc7"
  },
  "fecha": "2023-10-15",
  "Hora": "18:00",
  "_idequipo_local": "Barcelona",
  "_idequipo_visitante": "PSG",
  "grupo": "B",
  "goles_local 2": [
    {
      "Lamin Yamal": "minuto 10",
      "Mikel Merino": "minuto 65"
    }
  ],
  "goles_visitante 2": [
    {
      "Xavier Barcola": "minuto 23",
      "Olivier Giroud": "minuto 77"
    }
  ],
  "-idarbitro": [
    "Wilmar Roldan",
    "Jesús Gil Manzano 1",
    "Fernando Javier Cubides 2"
  ],
  "estado": "Finalizado",
  "tarjetas_amarillas": [
    {
      "_idjugador": "David Raya",
      "_idequipo": "Juventus",
      "minuto": 91
    }
  ],
  "tarjetas_rojas": [
    {
      "_idequipo": "Barcelona",
      "_idjugador": "Fabian Ruiz",
      "minuto": 80
    }
  ]
},
{
  "_id": {
    "$oid": "6732685c9b06774af35aefc9"
  },
  "fecha": "2023-10-15",
  "Hora": "18:00",
  "_idequipo_local": "Juventus",
  "_idequipo_visitante": "Deportes Barrancas",
  "grupo": "A",
  "goles_local_2": [
    {
      "Zinedine Zidane": "minuto 15",
      "Javier Camavinga": "minuto 73"
    }
  ],
  "goles_visitante_1": [
    {
      "Joselito Vaca": "minuto 80"
    }
  ],
  "-idarbitro": [
    "Fernando Javier Cubides Central",
    "Wilmar Roldan Linea 1",
    "Jesús Gil Manzano Linea 2"
  ],
  "estado": "Finalizado",
  "tarjetas_amarillas": [
    {
      "_idjugador": "Vito Corleone",
      "_idequipo": "Juventus",
      "minuto": 31
    }
  ],
  "tarjetas_rojas": [
    {
      "_idequipo": "Deportes Barrancas",
      "_idjugador": "Pablo Rodriguez",
      "minuto": 80
    }
  ]
}]