[{
  "_id": {
    "$oid": "673214f5e864d0cff815693a"
  },
  "grupo": "A",
  "posiciones": [
    {
      "_idequipo": "Boca Juniors",
      "jugados": 3,
      "ganados": 3,
      "empatados": 0,
      "perdidos": 0,
      "goles_favor": 20,
      "goles_contra": 4,
      "diferencia_goles": 16,
      "puntos": 9
    },
    {
      "_idequipo": "Atletico Buenaventura",
      "jugados": 3,
      "ganados": 1,
      "empatados": 0,
      "perdidos": 2,
      "goles_favor": 17,
      "goles_contra": 3,
      "diferencia_goles": 14,
      "puntos": 3
    },
    {
      "_idequipo": "Deportes Barrancas",
      "jugados": 3,
      "ganados": 0,
      "empatados": 0,
      "perdidos": 3,
      "goles_favor": 5,
      "goles_contra": 9,
      "diferencia_goles": -4,
      "puntos": 0
    },
    {
      "_idequipo": "Juventus",
      "jugados": 3,
      "ganados": 2,
      "empatados": 0,
      "perdidos": 1,
      "goles_favor": 14,
      "goles_contra": 4,
      "diferencia_goles": 10,
      "puntos": 6
    }
  ]
},
{
  "_id": {
    "$oid": "6732151ee864d0cff815693c"
  },
  "grupo": "B",
  "posiciones": [
    {
      "idequipo": "PSG",
      "jugados": 3,
      "ganados": 2,
      "empatados": 1,
      "perdidos": 0,
      "goles_favor": 25,
      "goles_contra": 5,
      "diferencia_goles": 20,
      "puntos": 7
    },
    {
      "idequipo": "Barcelona",
      "jugados": 3,
      "ganados": 2,
      "empatados": 1,
      "perdidos": 0,
      "goles_favor": 20,
      "goles_contra": 3,
      "diferencia_goles": 17,
      "puntos": 7
    },
    {
      "idequipo": "Flamengo",
      "jugados": 3,
      "ganados": 1,
      "empatados": 0,
      "perdidos": 2,
      "goles_favor": 3,
      "goles_contra": 8,
      "diferencia_goles": -5,
      "puntos": 3
    },
    {
      "idequipo": "River Plate",
      "jugados": 3,
      "ganados": 0,
      "empatados": 0,
      "perdidos": 3,
      "goles_favor": 2,
      "goles_contra": 20,
      "diferencia_goles": -18,
      "puntos": 0
    }
  ]
}]