[{
  "_id": {
    "$oid": "6731199cb84f40eb35506ef3"
  },
  "nombres": "Roberto",
  "apellidos": "Fajardo",
  "fecha_nacimiento": "19/09/2000",
  "nacionalidad": "Colombiano",
  "_idequipo": "Boca Juniors",
  "posicion": "Portero",
  "numero_camisa": 1,
  "status": "Activo",
  "participaciones": [
    {
      "_idpartido": "Atletico Buenaventura VS Deportes Barrancas",
      "goles": 1,
      "tarjetas_amarillas": 1,
      "tarjetas_rojas": 1
    }
  ]
},
{
  "_id": {
    "$oid": "67322862e864d0cff8156973"
  },
  "nombres": "Luca",
  "apellidos": "De Palma",
  "fecha_ nacimiento": "01/09/2000",
  "nacionalidad": "Italiano",
  "_idequipo": "Juventus",
  "posicion": "Portero",
  "numero_camisa": 1,
  "status": "Activo"
},
{
  "_id": {
    "$oid": "67322862e864d0cff8156974"
  },
  "nombres": "Vito",
  "apellidos": "Corleone",
  "fecha_ nacimiento": "10/02/1999",
  "nacionalidad": "Italiano",
  "_idequipo": "Juventus",
  "posicion": "Defensa",
  "numero_camisa": 2,
  "status": "Activo"
},
{
  "_id": {
    "$oid": "67322862e864d0cff8156975"
  },
  "nombres": "Gian Luca",
  "apellidos": "Viali",
  "fecha_ nacimiento": "07/12/2001",
  "nacionalidad": "Italiano",
  "_idequipo": "Juventus",
  "posicion": "Defensa",
  "numero_camisa": 4,
  "status": "Activo"
},
{
  "_id": {
    "$oid": "67322862e864d0cff8156976"
  },
  "nombres": "Roberto",
  "apellidos": "Stilachi",
  "fecha_ nacimiento": "08/11/2000",
  "nacionalidad": "Italiano",
  "_idequipo": "Juventus",
  "posicion": "Defensa",
  "numero_camisa": 15,
  "status": "Suspendido"
},
{
  "_id": {
    "$oid": "67322862e864d0cff8156977"
  },
  "nombres": "Roberto",
  "apellidos": "Baggio",
  "fecha_ nacimiento": "09/06/1996",
  "nacionalidad": "Italiano",
  "_idequipo": "Juventus",
  "posicion": "Defensa",
  "numero_camisa": 14,
  "status": "Activo"
},
{
  "_id": {
    "$oid": "67322862e864d0cff8156978"
  },
  "nombres": "Engolo",
  "apellidos": "Toure",
  "fecha_ nacimiento": "05/03/1995",
  "nacionalidad": "Frances",
  "_idequipo": "Juventus",
  "posicion": "Mediocampista",
  "numero_camisa": 5,
  "status": "Activo"
},
{
  "_id": {
    "$oid": "67322862e864d0cff8156979"
  },
  "nombres": "Zinedine",
  "apellidos": "Zidane",
  "fecha_ nacimiento": "01/01/2004",
  "nacionalidad": "Frances",
  "_idequipo": "Juventus",
  "posicion": "Mediocampista",
  "numero_camisa": 10,
  "status": "Suspendido"
},
{
  "_id": {
    "$oid": "67322862e864d0cff815697a"
  },
  "nombres": "Javier",
  "apellidos": "Camavinga",
  "fecha_ nacimiento": "02/10/1994",
  "nacionalidad": "Frances",
  "_idequipo": "Juventus",
  "posicion": "Mediocampista",
  "numero_camisa": 6,
  "status": "Activo"
},
{
  "_id": {
    "$oid": "67322862e864d0cff815697b"
  },
  "nombres": "Adrien",
  "apellidos": "Radiot",
  "fecha_ nacimiento": "05/05/2006",
  "nacionalidad": "Frances",
  "_idequipo": "Juventus",
  "posicion": "Mediocampista",
  "numero_camisa": 8,
  "status": "Activo"
},
{
  "_id": {
    "$oid": "67322862e864d0cff815697c"
  },
  "nombres": "Nico",
  "apellidos": "Wlliams",
  "fecha_ nacimiento": "15/06/2007",
  "nacionalidad": "Espanol",
  "_idequipo": "Juventus",
  "posicion": "Delantero",
  "numero_camisa": 9,
  "status": "Lesionado"
},
{
  "_id": {
    "$oid": "67322862e864d0cff815697d"
  },
  "nombres": "Alvaro",
  "apellidos": "Morata",
  "fecha_ nacimiento": "14/04/2008",
  "nacionalidad": "Espanol",
  "_idequipo": "Juventus",
  "posicion": "Delantero",
  "numero_camisa": 11,
  "status": "Activo"
},
{
  "_id": {
    "$oid": "67322862e864d0cff815697e"
  },
  "nombres": "Dani",
  "apellidos": "Olmo",
  "fecha_ nacimiento": "07/07/2009",
  "nacionalidad": "Espanol",
  "_idequipo": "Juventus",
  "posicion": "Delantero",
  "numero_camisa": 23,
  "status": "Lesionado"
},
{
  "_id": {
    "$oid": "67322862e864d0cff815697f"
  },
  "nombres": "Dani",
  "apellidos": "Carvajal",
  "fecha_ nacimiento": "02/01/2005",
  "nacionalidad": "Espanol",
  "_idequipo": "Juventus",
  "posicion": "Mediocampista",
  "numero_camisa": 19,
  "status": "Activo"
},
{
  "_id": {
    "$oid": "67322862e864d0cff8156980"
  },
  "nombres": "Julian",
  "apellidos": "Perez",
  "fecha_ nacimiento": "10/06/2004",
  "nacionalidad": "Colombiano",
  "_idequipo": "Juventus",
  "posicion": "Portero",
  "numero_camisa": 17,
  "status": "Lesionado"
},
{
  "_id": {
    "$oid": "67322862e864d0cff8156981"
  },
  "nombres": "Edilberto",
  "apellidos": "Gomez",
  "fecha_ nacimiento": "19/05/2009",
  "nacionalidad": "Colombiano",
  "_idequipo": "Juventus",
  "posicion": "Defensa",
  "numero_camisa": 21,
  "status": "Activo"
},
{
  "_id": {
    "$oid": "67322af0e864d0cff8156984"
  },
  "nombres": "Carlos",
  "apellidos": "Perea",
  "fecha_ nacimiento": {
    "$date": "1999-10-02T05:00:00.000Z"
  },
  "nacionalidad": "Colombiano",
  "_idequipo": "Boca Juniors",
  "posicion": "Defensa",
  "numero_camisa": 2,
  "status": "Activo"
},
{
  "_id": {
    "$oid": "67322af0e864d0cff8156985"
  },
  "nombres": "Javier ",
  "apellidos": "Fernandez",
  "fecha_ nacimiento": {
    "$date": "2001-07-12T05:00:00.000Z"
  },
  "nacionalidad": "Argentino",
  "_idequipo": "Boca Juniors",
  "posicion": "Defensa",
  "numero_camisa": 4,
  "status": "Lesionado"
},
{
  "_id": {
    "$oid": "67322af0e864d0cff8156986"
  },
  "nombres": "Roberto",
  "apellidos": "Figueroa",
  "fecha_ nacimiento": {
    "$date": "2000-08-11T05:00:00.000Z"
  },
  "nacionalidad": "Brasileno",
  "_idequipo": "Boca Juniors",
  "posicion": "Defensa",
  "numero_camisa": 15,
  "status": "Activo"
},
{
  "_id": {
    "$oid": "67322af0e864d0cff8156987"
  },
  "nombres": "Andres",
  "apellidos": "Cortazar",
  "fecha_ nacimiento": {
    "$date": "1996-09-06T05:00:00.000Z"
  },
  "nacionalidad": "Espanol",
  "_idequipo": "Boca Juniors",
  "posicion": "Defensa",
  "numero_camisa": 14,
  "status": "Activo"
},
{
  "_id": {
    "$oid": "67322af0e864d0cff8156988"
  },
  "nombres": "Carlos",
  "apellidos": "Gonzalez",
  "fecha_ nacimiento": {
    "$date": "1995-05-03T05:00:00.000Z"
  },
  "nacionalidad": "Uruguayo",
  "_idequipo": "Boca Juniors",
  "posicion": "Mediocampista",
  "numero_camisa": 5,
  "status": "Activo"
},
{
  "_id": {
    "$oid": "67322af0e864d0cff8156989"
  },
  "nombres": "Julio",
  "apellidos": "Luna",
  "fecha_ nacimiento": {
    "$date": "2004-01-01T05:00:00.000Z"
  },
  "nacionalidad": "Paraguayo",
  "_idequipo": "Boca Juniors",
  "posicion": "Mediocampista",
  "numero_camisa": 6,
  "status": "Suspendido"
},
{
  "_id": {
    "$oid": "67322af0e864d0cff815698a"
  },
  "nombres": "Marcelo",
  "apellidos": "Salas",
  "fecha_ nacimiento": {
    "$date": "1994-02-10T05:00:00.000Z"
  },
  "nacionalidad": "Chileno",
  "_idequipo": "Boca Juniors",
  "posicion": "Mediocampista",
  "numero_camisa": 8,
  "status": "Activo"
},
{
  "_id": {
    "$oid": "67322af0e864d0cff815698b"
  },
  "nombres": "Andres Roberto",
  "apellidos": "Merchan",
  "fecha_ nacimiento": {
    "$date": "2006-05-05T05:00:00.000Z"
  },
  "nacionalidad": "Peruano",
  "_idequipo": "Boca Juniors",
  "posicion": "Mediocampista",
  "numero_camisa": 10,
  "status": "Activo"
},
{
  "_id": {
    "$oid": "67322af0e864d0cff815698c"
  },
  "nombres": "Pablo",
  "apellidos": "Castro",
  "fecha_ nacimiento": {
    "$date": "2009-07-07T05:00:00.000Z"
  },
  "nacionalidad": "Argentino",
  "_idequipo": "Boca Juniors",
  "posicion": "Delantero",
  "numero_camisa": 23,
  "status": "Activo"
},
{
  "_id": {
    "$oid": "67322af0e864d0cff815698d"
  },
  "nombres": "Hector",
  "apellidos": "Perez",
  "fecha_ nacimiento": {
    "$date": "2005-02-01T05:00:00.000Z"
  },
  "nacionalidad": "Argentino",
  "_idequipo": "Boca Juniors",
  "posicion": "Mediocampista",
  "numero_camisa": 19,
  "status": "Activo"
},
{
  "_id": {
    "$oid": "67322d66e864d0cff81569b3"
  },
  "nombres": "Carlos",
  "apellidos": "Perea",
  "fecha_ nacimiento": "10/02/1999",
  "nacionalidad": "Colombiano",
  "_idequipo": "Boca Juniors",
  "posicion": "Defensa",
  "numero_camisa": 2,
  "status": "Activo"
},
{
  "_id": {
    "$oid": "67322d66e864d0cff81569b4"
  },
  "nombres": "Javier ",
  "apellidos": "Fernandez",
  "fecha_ nacimiento": "07/12/2001",
  "nacionalidad": "Argentino",
  "_idequipo": "Boca Juniors",
  "posicion": "Defensa",
  "numero_camisa": 4,
  "status": "Lesionado"
},
{
  "_id": {
    "$oid": "67322d66e864d0cff81569b5"
  },
  "nombres": "Roberto",
  "apellidos": "Figueroa",
  "fecha_ nacimiento": "08/11/2000",
  "nacionalidad": "Brasileno",
  "_idequipo": "Boca Juniors",
  "posicion": "Defensa",
  "numero_camisa": 15,
  "status": "Activo"
},
{
  "_id": {
    "$oid": "67322d66e864d0cff81569b6"
  },
  "nombres": "Andres",
  "apellidos": "Cortazar",
  "fecha_ nacimiento": "09/06/1996",
  "nacionalidad": "Espanol",
  "_idequipo": "Boca Juniors",
  "posicion": "Defensa",
  "numero_camisa": 14,
  "status": "Activo"
},
{
  "_id": {
    "$oid": "67322d66e864d0cff81569b7"
  },
  "nombres": "Carlos",
  "apellidos": "Gonzalez",
  "fecha_ nacimiento": "05/03/1995",
  "nacionalidad": "Uruguayo",
  "_idequipo": "Boca Juniors",
  "posicion": "Mediocampista",
  "numero_camisa": 5,
  "status": "Activo"
},
{
  "_id": {
    "$oid": "67322d66e864d0cff81569b8"
  },
  "nombres": "Julio",
  "apellidos": "Luna",
  "fecha_ nacimiento": "01/01/2004",
  "nacionalidad": "Paraguayo",
  "_idequipo": "Boca Juniors",
  "posicion": "Mediocampista",
  "numero_camisa": 6,
  "status": "Suspendido"
},
{
  "_id": {
    "$oid": "67322d66e864d0cff81569b9"
  },
  "nombres": "Marcelo",
  "apellidos": "Salas",
  "fecha_ nacimiento": "02/10/1994",
  "nacionalidad": "Chileno",
  "_idequipo": "Boca Juniors",
  "posicion": "Mediocampista",
  "numero_camisa": 8,
  "status": "Activo"
},
{
  "_id": {
    "$oid": "67322d66e864d0cff81569ba"
  },
  "nombres": "Andres Roberto",
  "apellidos": "Merchan",
  "fecha_ nacimiento": "05/05/2006",
  "nacionalidad": "Peruano",
  "_idequipo": "Boca Juniors",
  "posicion": "Mediocampista",
  "numero_camisa": 10,
  "status": "Activo"
},
{
  "_id": {
    "$oid": "67322d66e864d0cff81569bb"
  },
  "nombres": "Gilberto",
  "apellidos": "Romero",
  "fecha_ nacimiento": "15/06/2007",
  "nacionalidad": "Boliviano",
  "_idequipo": "Boca Juniors",
  "posicion": "Delantero",
  "numero_camisa": 9,
  "status": "Activo"
},
{
  "_id": {
    "$oid": "67322d66e864d0cff81569bc"
  },
  "nombres": "Sebastian",
  "apellidos": "Vignolo",
  "fecha_ nacimiento": "14/04/2008",
  "nacionalidad": "Argentino",
  "_idequipo": "Boca Juniors",
  "posicion": "Delantero",
  "numero_camisa": 11,
  "status": "Activo"
},
{
  "_id": {
    "$oid": "67322d66e864d0cff81569bd"
  },
  "nombres": "Pablo",
  "apellidos": "Castro",
  "fecha_ nacimiento": "07/07/2009",
  "nacionalidad": "Argentino",
  "_idequipo": "Boca Juniors",
  "posicion": "Delantero",
  "numero_camisa": 23,
  "status": "Activo"
},
{
  "_id": {
    "$oid": "67322d66e864d0cff81569be"
  },
  "nombres": "Hector",
  "apellidos": "Perez",
  "fecha_ nacimiento": "02/01/2005",
  "nacionalidad": "Argentino",
  "_idequipo": "Boca Juniors",
  "posicion": "Mediocampista",
  "numero_camisa": 19,
  "status": "Activo"
},
{
  "_id": {
    "$oid": "67322d66e864d0cff81569bf"
  },
  "nombres": "Julian",
  "apellidos": "Vazquez",
  "fecha_ nacimiento": "10/06/2004",
  "nacionalidad": "Argentino",
  "_idequipo": "Boca Juniors",
  "posicion": "Portero",
  "numero_camisa": 17,
  "status": "Activo"
},
{
  "_id": {
    "$oid": "67322d66e864d0cff81569c0"
  },
  "nombres": "Elmer",
  "apellidos": "Figueroa",
  "fecha_ nacimiento": "19/05/2009",
  "nacionalidad": "Argentino",
  "_idequipo": "Boca Juniors",
  "posicion": "Defensa",
  "numero_camisa": 21,
  "status": "Activo"
},
{
  "_id": {
    "$oid": "67322d66e864d0cff81569c1"
  },
  "nombres": "Julio",
  "apellidos": "Molina",
  "fecha_ nacimiento": "01/09/2000",
  "nacionalidad": "Colombiano",
  "_idequipo": "Atletico Buenaventura",
  "posicion": "Portero",
  "numero_camisa": 1,
  "status": "Activo"
},
{
  "_id": {
    "$oid": "67322d66e864d0cff81569c2"
  },
  "nombres": "Ruben",
  "apellidos": "Aguirre",
  "fecha_ nacimiento": "10/02/1999",
  "nacionalidad": "Colombiano",
  "_idequipo": "Atletico Buenaventura",
  "posicion": "Defensa",
  "numero_camisa": 2,
  "status": "Activo"
},
{
  "_id": {
    "$oid": "67322d66e864d0cff81569c3"
  },
  "nombres": "Javier ",
  "apellidos": "Mosquera",
  "fecha_ nacimiento": "07/12/2001",
  "nacionalidad": "Colombiano",
  "_idequipo": "Atletico Buenaventura",
  "posicion": "Defensa",
  "numero_camisa": 4,
  "status": "Activo"
},
{
  "_id": {
    "$oid": "67322d66e864d0cff81569c4"
  },
  "nombres": "Roberto",
  "apellidos": "Asprilla",
  "fecha_ nacimiento": "08/11/2000",
  "nacionalidad": "Colombiano",
  "_idequipo": "Atletico Buenaventura",
  "posicion": "Defensa",
  "numero_camisa": 15,
  "status": "Lesionado"
},
{
  "_id": {
    "$oid": "67322d66e864d0cff81569c5"
  },
  "nombres": "Andres",
  "apellidos": "Colorado",
  "fecha_ nacimiento": "09/06/1996",
  "nacionalidad": "Colombiano",
  "_idequipo": "Atletico Buenaventura",
  "posicion": "Defensa",
  "numero_camisa": 14,
  "status": "Activo"
},
{
  "_id": {
    "$oid": "67322d66e864d0cff81569c6"
  },
  "nombres": "Gilberto",
  "apellidos": "Garcia",
  "fecha_ nacimiento": "05/03/1995",
  "nacionalidad": "Colombiano",
  "_idequipo": "Atletico Buenaventura",
  "posicion": "Mediocampista",
  "numero_camisa": 5,
  "status": "Activo"
},
{
  "_id": {
    "$oid": "67322d66e864d0cff81569c7"
  },
  "nombres": "Victor",
  "apellidos": "Pacheco",
  "fecha_ nacimiento": "01/01/2004",
  "nacionalidad": "Colombiano",
  "_idequipo": "Atletico Buenaventura",
  "posicion": "Mediocampista",
  "numero_camisa": 6,
  "status": "Suspendido"
},
{
  "_id": {
    "$oid": "67322d66e864d0cff81569c8"
  },
  "nombres": "Carlos",
  "apellidos": "Valderrama",
  "fecha_ nacimiento": "02/10/1994",
  "nacionalidad": "Colombiano",
  "_idequipo": "Atletico Buenaventura",
  "posicion": "Mediocampista",
  "numero_camisa": 10,
  "status": "Activo"
},
{
  "_id": {
    "$oid": "67322d66e864d0cff81569c9"
  },
  "nombres": "Alexis",
  "apellidos": "Garcia",
  "fecha_ nacimiento": "05/05/2006",
  "nacionalidad": "Colombiano",
  "_idequipo": "Atletico Buenaventura",
  "posicion": "Mediocampista",
  "numero_camisa": 8,
  "status": "Activo"
},
{
  "_id": {
    "$oid": "67322d66e864d0cff81569ca"
  },
  "nombres": "Ivan",
  "apellidos": "Romero",
  "fecha_ nacimiento": "15/06/2007",
  "nacionalidad": "Colombiano",
  "_idequipo": "Atletico Buenaventura",
  "posicion": "Delantero",
  "numero_camisa": 9,
  "status": "Lesionado"
},
{
  "_id": {
    "$oid": "67322d66e864d0cff81569cb"
  },
  "nombres": "Radamel",
  "apellidos": "Rodriguez",
  "fecha_ nacimiento": "14/04/2008",
  "nacionalidad": "Colombiano",
  "_idequipo": "Atletico Buenaventura",
  "posicion": "Delantero",
  "numero_camisa": 11,
  "status": "Activo"
},
{
  "_id": {
    "$oid": "67322d66e864d0cff81569cc"
  },
  "nombres": "Pablo",
  "apellidos": "Lucumi",
  "fecha_ nacimiento": "07/07/2009",
  "nacionalidad": "Colombiano",
  "_idequipo": "Atletico Buenaventura",
  "posicion": "Delantero",
  "numero_camisa": 23,
  "status": "Lesionado"
},
{
  "_id": {
    "$oid": "67322d66e864d0cff81569cd"
  },
  "nombres": "Hector",
  "apellidos": "Perez",
  "fecha_ nacimiento": "02/01/2005",
  "nacionalidad": "Colombiano",
  "_idequipo": "Atletico Buenaventura",
  "posicion": "Mediocampista",
  "numero_camisa": 19,
  "status": "Activo"
},
{
  "_id": {
    "$oid": "67322d66e864d0cff81569ce"
  },
  "nombres": "Julian",
  "apellidos": "Angulo",
  "fecha_ nacimiento": "10/06/2004",
  "nacionalidad": "Colombiano",
  "_idequipo": "Atletico Buenaventura",
  "posicion": "Portero",
  "numero_camisa": 17,
  "status": "Activo"
},
{
  "_id": {
    "$oid": "67322d66e864d0cff81569cf"
  },
  "nombres": "Alberto",
  "apellidos": "Plazas",
  "fecha_ nacimiento": "19/05/2009",
  "nacionalidad": "Colombiano",
  "_idequipo": "Atletico Buenaventura",
  "posicion": "Defensa",
  "numero_camisa": 21,
  "status": "Activo"
},
{
  "_id": {
    "$oid": "67322d66e864d0cff81569d0"
  },
  "nombres": "Ivan",
  "apellidos": "Perez",
  "fecha_ nacimiento": "01/09/2000",
  "nacionalidad": "Boliviano",
  "_idequipo": "Deportes Barrancas",
  "posicion": "Portero",
  "numero_camisa": 1,
  "status": "Activo"
},
{
  "_id": {
    "$oid": "67322d66e864d0cff81569d1"
  },
  "nombres": "Julio",
  "apellidos": "Correal",
  "fecha_ nacimiento": "10/02/1999",
  "nacionalidad": "Boliviano",
  "_idequipo": "Deportes Barrancas",
  "posicion": "Defensa",
  "numero_camisa": 2,
  "status": "Activo"
},
{
  "_id": {
    "$oid": "67322d66e864d0cff81569d2"
  },
  "nombres": "Gildardo",
  "apellidos": "Lampe",
  "fecha_ nacimiento": "07/12/2001",
  "nacionalidad": "Boliviano",
  "_idequipo": "Deportes Barrancas",
  "posicion": "Defensa",
  "numero_camisa": 4,
  "status": "Activo"
},
{
  "_id": {
    "$oid": "67322d66e864d0cff81569d3"
  },
  "nombres": "Roberto",
  "apellidos": "Perez Galindo",
  "fecha_ nacimiento": "08/11/2000",
  "nacionalidad": "Boliviano",
  "_idequipo": "Deportes Barrancas",
  "posicion": "Defensa",
  "numero_camisa": 15,
  "status": "Suspendido"
},
{
  "_id": {
    "$oid": "67322d66e864d0cff81569d4"
  },
  "nombres": "Andres",
  "apellidos": "Colorado",
  "fecha_ nacimiento": "09/06/1996",
  "nacionalidad": "Boliviano",
  "_idequipo": "Deportes Barrancas",
  "posicion": "Defensa",
  "numero_camisa": 14,
  "status": "Activo"
},
{
  "_id": {
    "$oid": "67322d66e864d0cff81569d5"
  },
  "nombres": "Carlos",
  "apellidos": "Garcia",
  "fecha_ nacimiento": "05/03/1995",
  "nacionalidad": "Boliviano",
  "_idequipo": "Deportes Barrancas",
  "posicion": "Mediocampista",
  "numero_camisa": 5,
  "status": "Activo"
},
{
  "_id": {
    "$oid": "67322d66e864d0cff81569d6"
  },
  "nombres": "Victor",
  "apellidos": "Luna",
  "fecha_ nacimiento": "01/01/2004",
  "nacionalidad": "Boliviano",
  "_idequipo": "Deportes Barrancas",
  "posicion": "Mediocampista",
  "numero_camisa": 6,
  "status": "Suspendido"
},
{
  "_id": {
    "$oid": "67322d66e864d0cff81569d7"
  },
  "nombres": "Javier",
  "apellidos": "Echeverry",
  "fecha_ nacimiento": "02/10/1994",
  "nacionalidad": "Boliviano",
  "_idequipo": "Deportes Barrancas",
  "posicion": "Mediocampista",
  "numero_camisa": 10,
  "status": "Activo"
},
{
  "_id": {
    "$oid": "67322d66e864d0cff81569d8"
  },
  "nombres": "Andres",
  "apellidos": "Garcia Cuero",
  "fecha_ nacimiento": "05/05/2006",
  "nacionalidad": "Boliviano",
  "_idequipo": "Deportes Barrancas",
  "posicion": "Mediocampista",
  "numero_camisa": 8,
  "status": "Activo"
},
{
  "_id": {
    "$oid": "67322d66e864d0cff81569d9"
  },
  "nombres": "Ivan",
  "apellidos": "Romero Jimenez",
  "fecha_ nacimiento": "15/06/2007",
  "nacionalidad": "Boliviano",
  "_idequipo": "Deportes Barrancas",
  "posicion": "Delantero",
  "numero_camisa": 9,
  "status": "Lesionado"
},
{
  "_id": {
    "$oid": "67322d66e864d0cff81569da"
  },
  "nombres": "Joselito",
  "apellidos": "Vaca",
  "fecha_ nacimiento": "14/04/2008",
  "nacionalidad": "Boliviano",
  "_idequipo": "Deportes Barrancas",
  "posicion": "Delantero",
  "numero_camisa": 11,
  "status": "Activo"
},
{
  "_id": {
    "$oid": "67322d66e864d0cff81569db"
  },
  "nombres": "Pablo",
  "apellidos": "Rodriguez",
  "fecha_ nacimiento": "07/07/2009",
  "nacionalidad": "Boliviano",
  "_idequipo": "Deportes Barrancas",
  "posicion": "Delantero",
  "numero_camisa": 23,
  "status": "Lesionado"
},
{
  "_id": {
    "$oid": "67322d66e864d0cff81569dc"
  },
  "nombres": "Hector",
  "apellidos": "Perez",
  "fecha_ nacimiento": "02/01/2005",
  "nacionalidad": "Boliviano",
  "_idequipo": "Deportes Barrancas",
  "posicion": "Mediocampista",
  "numero_camisa": 19,
  "status": "Activo"
},
{
  "_id": {
    "$oid": "67322d66e864d0cff81569dd"
  },
  "nombres": "Julian",
  "apellidos": "Perea",
  "fecha_ nacimiento": "10/06/2004",
  "nacionalidad": "Boliviano",
  "_idequipo": "Deportes Barrancas",
  "posicion": "Portero",
  "numero_camisa": 17,
  "status": "Lesionado"
},
{
  "_id": {
    "$oid": "67322d66e864d0cff81569de"
  },
  "nombres": "Alberto",
  "apellidos": "Mondonedo",
  "fecha_ nacimiento": "19/05/2009",
  "nacionalidad": "Boliviano",
  "_idequipo": "Deportes Barrancas",
  "posicion": "Defensa",
  "numero_camisa": 21,
  "status": "Activo"
},
{
  "_id": {
    "$oid": "67322d66e864d0cff81569df"
  },
  "nombres": "Luca",
  "apellidos": "De Palma",
  "fecha_ nacimiento": "01/09/2000",
  "nacionalidad": "Italiano",
  "_idequipo": "Juventus",
  "posicion": "Portero",
  "numero_camisa": 1,
  "status": "Activo"
},
{
  "_id": {
    "$oid": "67322d66e864d0cff81569e0"
  },
  "nombres": "Vito",
  "apellidos": "Corleone",
  "fecha_ nacimiento": "10/02/1999",
  "nacionalidad": "Italiano",
  "_idequipo": "Juventus",
  "posicion": "Defensa",
  "numero_camisa": 2,
  "status": "Activo"
},
{
  "_id": {
    "$oid": "67322d66e864d0cff81569e1"
  },
  "nombres": "Gian Luca",
  "apellidos": "Viali",
  "fecha_ nacimiento": "07/12/2001",
  "nacionalidad": "Italiano",
  "_idequipo": "Juventus",
  "posicion": "Defensa",
  "numero_camisa": 4,
  "status": "Activo"
},
{
  "_id": {
    "$oid": "67322d66e864d0cff81569e2"
  },
  "nombres": "Roberto",
  "apellidos": "Stilachi",
  "fecha_ nacimiento": "08/11/2000",
  "nacionalidad": "Italiano",
  "_idequipo": "Juventus",
  "posicion": "Defensa",
  "numero_camisa": 15,
  "status": "Suspendido"
},
{
  "_id": {
    "$oid": "67322d66e864d0cff81569e3"
  },
  "nombres": "Roberto",
  "apellidos": "Baggio",
  "fecha_ nacimiento": "09/06/1996",
  "nacionalidad": "Italiano",
  "_idequipo": "Juventus",
  "posicion": "Defensa",
  "numero_camisa": 14,
  "status": "Activo"
},
{
  "_id": {
    "$oid": "67322d66e864d0cff81569e4"
  },
  "nombres": "Engolo",
  "apellidos": "Toure",
  "fecha_ nacimiento": "05/03/1995",
  "nacionalidad": "Frances",
  "_idequipo": "Juventus",
  "posicion": "Mediocampista",
  "numero_camisa": 5,
  "status": "Activo"
},
{
  "_id": {
    "$oid": "67322d66e864d0cff81569e5"
  },
  "nombres": "Zinedine",
  "apellidos": "Zidane",
  "fecha_ nacimiento": "01/01/2004",
  "nacionalidad": "Frances",
  "_idequipo": "Juventus",
  "posicion": "Mediocampista",
  "numero_camisa": 10,
  "status": "Suspendido"
},
{
  "_id": {
    "$oid": "67322d66e864d0cff81569e6"
  },
  "nombres": "Javier",
  "apellidos": "Camavinga",
  "fecha_ nacimiento": "02/10/1994",
  "nacionalidad": "Frances",
  "_idequipo": "Juventus",
  "posicion": "Mediocampista",
  "numero_camisa": 6,
  "status": "Activo"
},
{
  "_id": {
    "$oid": "67322d66e864d0cff81569e7"
  },
  "nombres": "Adrien",
  "apellidos": "Radiot",
  "fecha_ nacimiento": "05/05/2006",
  "nacionalidad": "Frances",
  "_idequipo": "Juventus",
  "posicion": "Mediocampista",
  "numero_camisa": 8,
  "status": "Activo"
},
{
  "_id": {
    "$oid": "67322d66e864d0cff81569e8"
  },
  "nombres": "Nico",
  "apellidos": "Wlliams",
  "fecha_ nacimiento": "15/06/2007",
  "nacionalidad": "Espanol",
  "_idequipo": "Juventus",
  "posicion": "Delantero",
  "numero_camisa": 9,
  "status": "Lesionado"
},
{
  "_id": {
    "$oid": "67322d66e864d0cff81569e9"
  },
  "nombres": "Alvaro",
  "apellidos": "Morata",
  "fecha_ nacimiento": "14/04/2008",
  "nacionalidad": "Espanol",
  "_idequipo": "Juventus",
  "posicion": "Delantero",
  "numero_camisa": 11,
  "status": "Activo"
},
{
  "_id": {
    "$oid": "67322d66e864d0cff81569ea"
  },
  "nombres": "Dani",
  "apellidos": "Olmo",
  "fecha_ nacimiento": "07/07/2009",
  "nacionalidad": "Espanol",
  "_idequipo": "Juventus",
  "posicion": "Delantero",
  "numero_camisa": 23,
  "status": "Lesionado"
},
{
  "_id": {
    "$oid": "67322d66e864d0cff81569eb"
  },
  "nombres": "Dani",
  "apellidos": "Carvajal",
  "fecha_ nacimiento": "02/01/2005",
  "nacionalidad": "Espanol",
  "_idequipo": "Juventus",
  "posicion": "Mediocampista",
  "numero_camisa": 19,
  "status": "Activo"
},
{
  "_id": {
    "$oid": "67322d66e864d0cff81569ec"
  },
  "nombres": "Julian",
  "apellidos": "Perez",
  "fecha_ nacimiento": "10/06/2004",
  "nacionalidad": "Colombiano",
  "_idequipo": "Juventus",
  "posicion": "Portero",
  "numero_camisa": 17,
  "status": "Lesionado"
},
{
  "_id": {
    "$oid": "67322d66e864d0cff81569ed"
  },
  "nombres": "Edilberto",
  "apellidos": "Gomez",
  "fecha_ nacimiento": "19/05/2009",
  "nacionalidad": "Colombiano",
  "_idequipo": "Juventus",
  "posicion": "Defensa",
  "numero_camisa": 21,
  "status": "Activo"
},
{
  "_id": {
    "$oid": "673239089b06774af35aef12"
  },
  "nombres": "Gian Luca",
  "apellidos": "Donarumma",
  "fecha_ nacimiento": "12-8-11",
  "nacionalidad": "Italiano",
  "_idequipo": "PSG",
  "posicion": "Portero",
  "numero_camisa": 1,
  "status": "Activo"
},
{
  "_id": {
    "$oid": "673239089b06774af35aef13"
  },
  "nombres": "Juan",
  "apellidos": "Cuadrado",
  "fecha_ nacimiento": "10-2-99",
  "nacionalidad": "Colombiano",
  "_idequipo": "PSG",
  "posicion": "Defensa",
  "numero_camisa": 2,
  "status": "Activo"
},
{
  "_id": {
    "$oid": "673239089b06774af35aef14"
  },
  "nombres": "Junior",
  "apellidos": "Dasilva",
  "fecha_ nacimiento": "7-12-01",
  "nacionalidad": "Brasileno",
  "_idequipo": "PSG",
  "posicion": "Defensa",
  "numero_camisa": 4,
  "status": "Lesionado"
},
{
  "_id": {
    "$oid": "673239089b06774af35aef15"
  },
  "nombres": "Eder",
  "apellidos": "Militao",
  "fecha_ nacimiento": "8-11-00",
  "nacionalidad": "Brasileno",
  "_idequipo": "PSG",
  "posicion": "Defensa",
  "numero_camisa": 15,
  "status": "Activo"
},
{
  "_id": {
    "$oid": "673239089b06774af35aef16"
  },
  "nombres": "Julian",
  "apellidos": "Yamal",
  "fecha_ nacimiento": "9-6-96",
  "nacionalidad": "Espanol",
  "_idequipo": "PSG",
  "posicion": "Defensa",
  "numero_camisa": 14,
  "status": "Activo"
},
{
  "_id": {
    "$oid": "673239089b06774af35aef17"
  },
  "nombres": "Carlos",
  "apellidos": "Balverde",
  "fecha_ nacimiento": "5-3-95",
  "nacionalidad": "Uruguayo",
  "_idequipo": "PSG",
  "posicion": "Mediocampista",
  "numero_camisa": 5,
  "status": "Activo"
},
{
  "_id": {
    "$oid": "673239089b06774af35aef18"
  },
  "nombres": "Julio",
  "apellidos": "Cavani",
  "fecha_ nacimiento": "1-1-04",
  "nacionalidad": "Paraguayo",
  "_idequipo": "PSG",
  "posicion": "Mediocampista",
  "numero_camisa": 6,
  "status": "Suspendido"
},
{
  "_id": {
    "$oid": "673239089b06774af35aef19"
  },
  "nombres": "Marcelo",
  "apellidos": "Vidal",
  "fecha_ nacimiento": "2-10-94",
  "nacionalidad": "Chileno",
  "_idequipo": "PSG",
  "posicion": "Mediocampista",
  "numero_camisa": 8,
  "status": "Activo"
},
{
  "_id": {
    "$oid": "673239089b06774af35aef1a"
  },
  "nombres": "Kylian",
  "apellidos": " Mbappe",
  "fecha_ nacimiento": "5-5-06",
  "nacionalidad": "Frances",
  "_idequipo": "PSG",
  "posicion": "Mediocampista",
  "numero_camisa": 10,
  "status": "Activo"
},
{
  "_id": {
    "$oid": "673239089b06774af35aef1b"
  },
  "nombres": "Xavier",
  "apellidos": "Barcola",
  "fecha_ nacimiento": "15-6-07",
  "nacionalidad": "Frances",
  "_idequipo": "PSG",
  "posicion": "Delantero",
  "numero_camisa": 9,
  "status": "Activo"
},
{
  "_id": {
    "$oid": "673239089b06774af35aef1c"
  },
  "nombres": "Randal",
  "apellidos": "Kuolo Mouani",
  "fecha_ nacimiento": "14-4-08",
  "nacionalidad": "Frances",
  "_idequipo": "PSG",
  "posicion": "Delantero",
  "numero_camisa": 11,
  "status": "Activo"
},
{
  "_id": {
    "$oid": "673239089b06774af35aef1d"
  },
  "nombres": "Paulo",
  "apellidos": "Dybala",
  "fecha_ nacimiento": "7-7-09",
  "nacionalidad": "Argentino",
  "_idequipo": "PSG",
  "posicion": "Delantero",
  "numero_camisa": 23,
  "status": "Activo"
},
{
  "_id": {
    "$oid": "673239089b06774af35aef1e"
  },
  "nombres": "Menphis ",
  "apellidos": "Depay",
  "fecha_ nacimiento": "2-1-05",
  "nacionalidad": "Holandes",
  "_idequipo": "PSG",
  "posicion": "Mediocampista",
  "numero_camisa": 19,
  "status": "Activo"
},
{
  "_id": {
    "$oid": "673239089b06774af35aef1f"
  },
  "nombres": "Frenkie",
  "apellidos": "Dejong",
  "fecha_ nacimiento": "10-6-04",
  "nacionalidad": "Holandes",
  "_idequipo": "PSG",
  "posicion": "Portero",
  "numero_camisa": 17,
  "status": "Activo"
},
{
  "_id": {
    "$oid": "673239089b06774af35aef20"
  },
  "nombres": "Olivier",
  "apellidos": "Giroud",
  "fecha_ nacimiento": "19-5-09",
  "nacionalidad": "Frances",
  "_idequipo": "PSG",
  "posicion": "Defensa",
  "numero_camisa": 21,
  "status": "Activo"
},
{
  "_id": {
    "$oid": "673239089b06774af35aef21"
  },
  "nombres": "David",
  "apellidos": "Raya",
  "fecha_ nacimiento": "1-9-00",
  "nacionalidad": "Espanol",
  "_idequipo": "Barcelona",
  "posicion": "Portero",
  "numero_camisa": 1,
  "status": "Activo"
},
{
  "_id": {
    "$oid": "673239089b06774af35aef22"
  },
  "nombres": "Mikel",
  "apellidos": "Merino",
  "fecha_ nacimiento": "10-2-99",
  "nacionalidad": "Espanol",
  "_idequipo": "Barcelona",
  "posicion": "Defensa",
  "numero_camisa": 2,
  "status": "Activo"
},
{
  "_id": {
    "$oid": "673239089b06774af35aef23"
  },
  "nombres": "Javier ",
  "apellidos": "Mosquera",
  "fecha_ nacimiento": "7-12-01",
  "nacionalidad": "Espanol",
  "_idequipo": "Barcelona",
  "posicion": "Defensa",
  "numero_camisa": 4,
  "status": "Activo"
},
{
  "_id": {
    "$oid": "673239089b06774af35aef24"
  },
  "nombres": "Roberto",
  "apellidos": "Cucurella",
  "fecha_ nacimiento": "8-11-00",
  "nacionalidad": "Espanol",
  "_idequipo": "Barcelona",
  "posicion": "Defensa",
  "numero_camisa": 15,
  "status": "Lesionado"
},
{
  "_id": {
    "$oid": "673239089b06774af35aef25"
  },
  "nombres": "Andres",
  "apellidos": "Carvajal",
  "fecha_ nacimiento": "9-6-96",
  "nacionalidad": "Espanol",
  "_idequipo": "Barcelona",
  "posicion": "Defensa",
  "numero_camisa": 14,
  "status": "Activo"
},
{
  "_id": {
    "$oid": "673239089b06774af35aef26"
  },
  "nombres": "Gilberto",
  "apellidos": "Garcia",
  "fecha_ nacimiento": "5-3-95",
  "nacionalidad": "Espanol",
  "_idequipo": "Barcelona",
  "posicion": "Mediocampista",
  "numero_camisa": 5,
  "status": "Activo"
},
{
  "_id": {
    "$oid": "673239089b06774af35aef27"
  },
  "nombres": "Fabian",
  "apellidos": "Ruiz",
  "fecha_ nacimiento": "1-1-04",
  "nacionalidad": "Espanol",
  "_idequipo": "Barcelona",
  "posicion": "Mediocampista",
  "numero_camisa": 6,
  "status": "Suspendido"
},
{
  "_id": {
    "$oid": "673239089b06774af35aef28"
  },
  "nombres": "Carlos",
  "apellidos": "Pena",
  "fecha_ nacimiento": "2-10-94",
  "nacionalidad": "Espanol",
  "_idequipo": "Barcelona",
  "posicion": "Mediocampista",
  "numero_camisa": 10,
  "status": "Activo"
},
{
  "_id": {
    "$oid": "673239089b06774af35aef29"
  },
  "nombres": "Unai",
  "apellidos": "Simon",
  "fecha_ nacimiento": "5-5-06",
  "nacionalidad": "Espanol",
  "_idequipo": "Barcelona",
  "posicion": "Mediocampista",
  "numero_camisa": 8,
  "status": "Activo"
},
{
  "_id": {
    "$oid": "673239089b06774af35aef2a"
  },
  "nombres": "Ivan",
  "apellidos": "Joselu",
  "fecha_ nacimiento": "15-6-07",
  "nacionalidad": "Espanol",
  "_idequipo": "Barcelona",
  "posicion": "Delantero",
  "numero_camisa": 9,
  "status": "Lesionado"
},
{
  "_id": {
    "$oid": "673239089b06774af35aef2b"
  },
  "nombres": "Mikel",
  "apellidos": "Oryazabal",
  "fecha_ nacimiento": "14-4-08",
  "nacionalidad": "Espanol",
  "_idequipo": "Barcelona",
  "posicion": "Delantero",
  "numero_camisa": 11,
  "status": "Activo"
},
{
  "_id": {
    "$oid": "673239089b06774af35aef2c"
  },
  "nombres": "Lamin",
  "apellidos": "Yamal",
  "fecha_ nacimiento": "7-7-09",
  "nacionalidad": "Espanol",
  "_idequipo": "Barcelona",
  "posicion": "Delantero",
  "numero_camisa": 23,
  "status": "Lesionado"
},
{
  "_id": {
    "$oid": "673239089b06774af35aef2d"
  },
  "nombres": "Hector",
  "apellidos": "Perez",
  "fecha_ nacimiento": "2-1-05",
  "nacionalidad": "Espanol",
  "_idequipo": "Barcelona",
  "posicion": "Mediocampista",
  "numero_camisa": 19,
  "status": "Activo"
},
{
  "_id": {
    "$oid": "673239089b06774af35aef2e"
  },
  "nombres": "Ansu",
  "apellidos": "Fati",
  "fecha_ nacimiento": "10-6-04",
  "nacionalidad": "Espanol",
  "_idequipo": "Barcelona",
  "posicion": "Portero",
  "numero_camisa": 17,
  "status": "Activo"
},
{
  "_id": {
    "$oid": "673239089b06774af35aef2f"
  },
  "nombres": "Ruben ",
  "apellidos": "Laporte",
  "fecha_ nacimiento": "19-5-09",
  "nacionalidad": "Espanol",
  "_idequipo": "Barcelona",
  "posicion": "Defensa",
  "numero_camisa": 21,
  "status": "Activo"
},
{
  "_id": {
    "$oid": "673239089b06774af35aef30"
  },
  "nombres": "Ederson",
  "apellidos": "Moraes",
  "fecha_ nacimiento": "1-9-00",
  "nacionalidad": "Brasileno",
  "_idequipo": "Flamengo",
  "posicion": "Portero",
  "numero_camisa": 1,
  "status": "Activo"
},
{
  "_id": {
    "$oid": "673239089b06774af35aef31"
  },
  "nombres": "Da nilo",
  "apellidos": "Da Silva",
  "fecha_ nacimiento": "10-2-99",
  "nacionalidad": "Brasileno",
  "_idequipo": "Flamengo",
  "posicion": "Defensa",
  "numero_camisa": 2,
  "status": "Activo"
},
{
  "_id": {
    "$oid": "673239089b06774af35aef32"
  },
  "nombres": "Andreas",
  "apellidos": "Pereira",
  "fecha_ nacimiento": "7-12-01",
  "nacionalidad": "Brasileno",
  "_idequipo": "Flamengo",
  "posicion": "Defensa",
  "numero_camisa": 4,
  "status": "Activo"
},
{
  "_id": {
    "$oid": "673239089b06774af35aef33"
  },
  "nombres": "Roberto",
  "apellidos": "Barbosa",
  "fecha_ nacimiento": "8-11-00",
  "nacionalidad": "Brasileno",
  "_idequipo": "Flamengo",
  "posicion": "Defensa",
  "numero_camisa": 15,
  "status": "Suspendido"
},
{
  "_id": {
    "$oid": "673239089b06774af35aef34"
  },
  "nombres": "Gabriel",
  "apellidos": "Martinelli",
  "fecha_ nacimiento": "9-6-96",
  "nacionalidad": "Brasileno",
  "_idequipo": "Flamengo",
  "posicion": "Defensa",
  "numero_camisa": 14,
  "status": "Activo"
},
{
  "_id": {
    "$oid": "673239089b06774af35aef35"
  },
  "nombres": "Yan",
  "apellidos": "Couto",
  "fecha_ nacimiento": "5-3-95",
  "nacionalidad": "Brasileno",
  "_idequipo": "Flamengo",
  "posicion": "Mediocampista",
  "numero_camisa": 5,
  "status": "Activo"
},
{
  "_id": {
    "$oid": "673239089b06774af35aef36"
  },
  "nombres": "Guillermhe",
  "apellidos": "Arana",
  "fecha_ nacimiento": "1-1-04",
  "nacionalidad": "Brasileno",
  "_idequipo": "Flamengo",
  "posicion": "Mediocampista",
  "numero_camisa": 6,
  "status": "Suspendido"
},
{
  "_id": {
    "$oid": "673239089b06774af35aef37"
  },
  "nombres": "Javier",
  "apellidos": "Echeverry",
  "fecha_ nacimiento": "2-10-94",
  "nacionalidad": "Argentino",
  "_idequipo": "Flamengo",
  "posicion": "Mediocampista",
  "numero_camisa": 10,
  "status": "Activo"
},
{
  "_id": {
    "$oid": "673239089b06774af35aef38"
  },
  "nombres": "Andres",
  "apellidos": "Garcia Cuero",
  "fecha_ nacimiento": "5-5-06",
  "nacionalidad": "Colombiano",
  "_idequipo": "Flamengo",
  "posicion": "Mediocampista",
  "numero_camisa": 8,
  "status": "Activo"
},
{
  "_id": {
    "$oid": "673239089b06774af35aef39"
  },
  "nombres": "Bruno",
  "apellidos": "Guimaraes",
  "fecha_ nacimiento": "15-6-07",
  "nacionalidad": "Brasileno",
  "_idequipo": "Flamengo",
  "posicion": "Delantero",
  "numero_camisa": 9,
  "status": "Lesionado"
},
{
  "_id": {
    "$oid": "673239089b06774af35aef3a"
  },
  "nombres": "Andre",
  "apellidos": "Dacosta",
  "fecha_ nacimiento": "14-4-08",
  "nacionalidad": "Brasileno",
  "_idequipo": "Flamengo",
  "posicion": "Delantero",
  "numero_camisa": 11,
  "status": "Activo"
},
{
  "_id": {
    "$oid": "673239089b06774af35aef3b"
  },
  "nombres": "Weberton",
  "apellidos": "Da Gracca",
  "fecha_ nacimiento": "7-7-09",
  "nacionalidad": "Brasileno",
  "_idequipo": "Flamengo",
  "posicion": "Delantero",
  "numero_camisa": 23,
  "status": "Lesionado"
},
{
  "_id": {
    "$oid": "673239089b06774af35aef3c"
  },
  "nombres": "Hector",
  "apellidos": "Rodriguez",
  "fecha_ nacimiento": "2-1-05",
  "nacionalidad": "Uruguayo",
  "_idequipo": "Flamengo",
  "posicion": "Mediocampista",
  "numero_camisa": 19,
  "status": "Activo"
},
{
  "_id": {
    "$oid": "673239089b06774af35aef3d"
  },
  "nombres": "Luis",
  "apellidos": "Viera",
  "fecha_ nacimiento": "10-6-04",
  "nacionalidad": "Uruguayo",
  "_idequipo": "Flamengo",
  "posicion": "Portero",
  "numero_camisa": 17,
  "status": "Lesionado"
},
{
  "_id": {
    "$oid": "673239089b06774af35aef3e"
  },
  "nombres": "Maximiliano",
  "apellidos": "Araujo",
  "fecha_ nacimiento": "19-5-09",
  "nacionalidad": "Uruguayo",
  "_idequipo": "Flamengo",
  "posicion": "Defensa",
  "numero_camisa": 21,
  "status": "Activo"
},
{
  "_id": {
    "$oid": "673239089b06774af35aef3f"
  },
  "nombres": "Emiliano",
  "apellidos": "Martinez",
  "fecha_ nacimiento": "1-9-00",
  "nacionalidad": "Argentino",
  "_idequipo": "River Plate",
  "posicion": "Portero",
  "numero_camisa": 1,
  "status": "Activo"
},
{
  "_id": {
    "$oid": "673239089b06774af35aef40"
  },
  "nombres": "Nico",
  "apellidos": "Paz",
  "fecha_ nacimiento": "10-2-99",
  "nacionalidad": "Argentino",
  "_idequipo": "River Plate",
  "posicion": "Defensa",
  "numero_camisa": 2,
  "status": "Activo"
},
{
  "_id": {
    "$oid": "673239089b06774af35aef41"
  },
  "nombres": "Gian Luca",
  "apellidos": "Viali",
  "fecha_ nacimiento": "7-12-01",
  "nacionalidad": "Argentino",
  "_idequipo": "River Plate",
  "posicion": "Defensa",
  "numero_camisa": 4,
  "status": "Activo"
},
{
  "_id": {
    "$oid": "673239089b06774af35aef42"
  },
  "nombres": "Nicolas",
  "apellidos": "Gonzalez",
  "fecha_ nacimiento": "8-11-00",
  "nacionalidad": "Argentino",
  "_idequipo": "River Plate",
  "posicion": "Defensa",
  "numero_camisa": 15,
  "status": "Suspendido"
},
{
  "_id": {
    "$oid": "673239089b06774af35aef43"
  },
  "nombres": "Lisandro",
  "apellidos": "Martinez",
  "fecha_ nacimiento": "9-6-96",
  "nacionalidad": "Argentino",
  "_idequipo": "River Plate",
  "posicion": "Defensa",
  "numero_camisa": 14,
  "status": "Activo"
},
{
  "_id": {
    "$oid": "673239089b06774af35aef44"
  },
  "nombres": "Enzo",
  "apellidos": "Fernandez",
  "fecha_ nacimiento": "5-3-95",
  "nacionalidad": "Argentino",
  "_idequipo": "River Plate",
  "posicion": "Mediocampista",
  "numero_camisa": 5,
  "status": "Activo"
},
{
  "_id": {
    "$oid": "673239089b06774af35aef45"
  },
  "nombres": "Juan Fernando",
  "apellidos": "Quintero",
  "fecha_ nacimiento": "1-1-04",
  "nacionalidad": "Colombiano",
  "_idequipo": "River Plate",
  "posicion": "Mediocampista",
  "numero_camisa": 10,
  "status": "Suspendido"
},
{
  "_id": {
    "$oid": "673239089b06774af35aef46"
  },
  "nombres": "Javier",
  "apellidos": "Mascherano",
  "fecha_ nacimiento": "2-10-94",
  "nacionalidad": "Argentino",
  "_idequipo": "River Plate",
  "posicion": "Mediocampista",
  "numero_camisa": 6,
  "status": "Activo"
},
{
  "_id": {
    "$oid": "673239089b06774af35aef47"
  },
  "nombres": "Rodrygo",
  "apellidos": "De Paul",
  "fecha_ nacimiento": "5-5-06",
  "nacionalidad": "Argentino",
  "_idequipo": "River Plate",
  "posicion": "Mediocampista",
  "numero_camisa": 8,
  "status": "Activo"
},
{
  "_id": {
    "$oid": "673239089b06774af35aef48"
  },
  "nombres": "Facundo",
  "apellidos": "Pellistri",
  "fecha_ nacimiento": "15-6-07",
  "nacionalidad": "Uruguayo",
  "_idequipo": "River Plate",
  "posicion": "Delantero",
  "numero_camisa": 9,
  "status": "Lesionado"
},
{
  "_id": {
    "$oid": "673239089b06774af35aef49"
  },
  "nombres": "Manuel",
  "apellidos": "Ugarte",
  "fecha_ nacimiento": "14-4-08",
  "nacionalidad": "Uruguayo",
  "_idequipo": "River Plate",
  "posicion": "Delantero",
  "numero_camisa": 11,
  "status": "Activo"
},
{
  "_id": {
    "$oid": "673239089b06774af35aef4a"
  },
  "nombres": "Federico",
  "apellidos": "Ribeiro",
  "fecha_ nacimiento": "7-7-09",
  "nacionalidad": "Uruguayo",
  "_idequipo": "River Plate",
  "posicion": "Delantero",
  "numero_camisa": 23,
  "status": "Lesionado"
},
{
  "_id": {
    "$oid": "673239089b06774af35aef4b"
  },
  "nombres": "Darwin",
  "apellidos": "Nunez",
  "fecha_ nacimiento": "2-1-05",
  "nacionalidad": "Uruguayo",
  "_idequipo": "River Plate",
  "posicion": "Mediocampista",
  "numero_camisa": 19,
  "status": "Activo"
},
{
  "_id": {
    "$oid": "673239089b06774af35aef4c"
  },
  "nombres": "Oscar",
  "apellidos": "Cordoba",
  "fecha_ nacimiento": "10-6-04",
  "nacionalidad": "Colombiano",
  "_idequipo": "River Plate",
  "posicion": "Portero",
  "numero_camisa": 17,
  "status": "Lesionado"
},
{
  "_id": {
    "$oid": "673239089b06774af35aef4d"
  },
  "nombres": "Jhon",
  "apellidos": "Cardona",
  "fecha_ nacimiento": "19-5-09",
  "nacionalidad": "Colombiano",
  "_idequipo": "River Plate",
  "posicion": "Defensa",
  "numero_camisa": 21,
  "status": "Activo"
}]